Price,Product,Description,UOM,Available
430.00,0008,SYA Warrior Riser Snorkel kit for Arctic Cat Wildcat 700,ea,1
132.00,001-1203,Out & Back XT 26x9-12,ea,0
150.00,001-1204,Out & Back XT 26X11-12,ea,0
205.00,001-1313,Out & Back Max 26x10-12,ea,4
220.00,001-1315,Out & Back Max 27x10-12,ea,0
250.00,001-1323,Out & Back Max 27x10-14,ea,8
250.00,001-1324,Out & Back Max 28x9.5-14,ea,4
305.00,001-1325,Out & Back Max 28x10-14,ea,6
293.00,001-1326,Out & Back Max 30x9.5-14,ea,4
327.00,001-1327,Out & Back Max 30x10-14,ea,4
305.00,001-1328,Out & Back Max 32x9.5-14,ea,0
370.00,001-1329,Out & Back Max 32x10-14,ea,8
255.00,00100,SYA Warrior Riser Extension Kit for Polaris Highlifter 850/1000,ea,2
415.00,0014,SYA Warrior Riser Snorkel kit for Can-Am Commander 800 1000 2 seater 2011-2017,ea,1
515.00,0015,SYA Defender WR Snorkel Kit HD8/10,ea,1
435.00,00167,SYA RZR Turbo Snorkel Kit,ea,1
445.00,00191,SYA Warrior Riser Snorkel kit for CF Moto CForce 800 18-21,ea,0
164.00,002-3015,Track & Trail 26x8-12,ea,3
480.00,0020,SYA Warrior Riser Snorkel kit for Maverick X3 Turbo 17-19,ea,1
378.00,0023,SYA Warrior Riser Snorkel kit for Can-Am Outlander G2 2012 - 2022,ea,2
410.00,0024,SYA - Outlander G1 2006-2011 Warrier Riser Snorkel Kit,ea,2
396.00,0025,SYA Warrior Riser Snorkel kit for Can-Am Outlander G2 XMR 2013 - 2022,ea,3
378.00,0027,SYA Traditional Riser Snorkel Kit for Can-Am Outlander G2,ea,4
139.00,003-3011,Track & Trail 25X8-12,ea,5
160.00,003-3012,Track & Trail 25x10-12,ea,4
185.00,003-3017,Track & Trail 26x10-12,ea,2
205.00,003-3021,Track & Trail 27X9-14,ea,2
225.00,003-3023,Track & Trail 27X11-14,ea,2
350.00,0031,SYA Traditional Riser Snorkel Kit for Can-Am Renegade G2 2012-2021,ea,0
390.00,0033,SYA Warrior Riser Snorkel kit for Can-Am Renegade G1 2007 - 2011,ea,2
332.00,0037,SYA Warrior Riser Snorkel kit for Honda Foreman 500 14-19,ea,1
325.00,0038,SYA Warrior Riser Snorkel kit for Honda Rubicon 500 14-19,ea,1
250.00,0041,SYA Warrior Riser Snorkel Kit for Honda Rincon 650/680 03-22,ea,1
480.00,0048,SYA Warrior Riser Snorkel kit for Kawasaki Brute Force 750i/650i 2012-2021,ea,1
430.00,0060,SYA Warrior Riser Snorkel kit for Yamaha Grizzly & Kodiak 700 2016 - 2022,ea,1
492.00,0061,SYA Warrior Riser Snorkel kit for Yamaha Grizzly 550-700 2007-2015,ea,1
5.50,0069933,Bracket for LED Light Bar 22-26MM,ea,6
480.00,0070,SYA Warrior Riser Snorkel kit for Polaris Scrambler 850 1000, 2013 - 2020,ea,1
420.00,0071,SYA Warrior Riser Snorkel Kit - Polaris RZR 170,ea,1
515.00,0079,SYA Warrior Riser Snorkel Kit - Polaris RZR 900 (15-22) 2/4 Seater 3" Risers,ea,1
515.00,0094,SYA Warrior Riser Snorkel kit for Polaris Sportsman 850-1000 2017-2022,ea,0
520.00,0095,SYA Warrior Riser Snorkel Kit for Polaris Sportsman 500-800 05-14,ea,1
480.00,0096,SYA Warrior Riser Snorkel Kit for Polaris Sportsman 450-570 2014-2019,ea,1
480.00,0099,SYA Warrior Riser Snorkel kit for Polaris Sportsman 850-1000 2012-2016,ea,2
11.50,01-0029,Oil Filter,ea,4
175.00,01-06502,Bronco Covert 26x9-12,ea,7
195.00,01-06503,Bronco Covert 26x11-12,ea,2
203.00,01-06504,Bronco Covert 26x9-14,ea,2
228.00,01-06505,Bronco Covert 26x11-14,ea,2
280.00,01-06566,Bronco Hyper X 28x10-14,ea,0
330.00,01-06569,Bronco Hyper X 30x10-14,ea,4
25.00,01-07904,Carlisle ATV Radial Tube 22X11-8/21X12R8 TR6 Valve,ea,0
275.00,01-08660,Mudda Inlaw 30x10-14,ea,4
375.00,01-08661,Mudda Inlaw 32x10-14,ea,0
255.00,01-08662,Mudda Inlaw 28x10-14,ea,4
195.00,0100-1842,HJC CL-MAX 3 Medium Gallant Red,ea,2
195.00,0100-1843,HJC CL-MAX 3 Large Gallant Red,ea,2
195.00,0100-1844,HJC CL-MAX 3 XL Gallant Red,ea,2
195.00,0100-1845,HJC CL-MAX 3 2XL Gallant Red,ea,2
195.00,0100-1848,HJC CL-MAX 3 Medium Gallant Blue,ea,2
195.00,0100-1851,HJC CL-MAX 3 2XL Gallant Blue,ea,1
175.00,0100-1860,HJC CL-MAX 3 Medium Black,ea,1
175.00,0100-1861,HJC CL-MAX 3 Large Black,ea,1
195.00,0100-1863,HJC CL-MAX 3 2XL Gallant Silver/Grey,ea,1
60.00,0101,3" SYA Warrior Riser with Pre Filter Tips,ea,5
125.00,0101-11113,AFX FX-99 Recurve Large Gloss Black/Red,ea,1
125.00,0101-11114,AFX FX-99 Recurve XL Gloss Black/Red,ea,1
199.99,0101-11865,HJC i70 XL Semi Flat Titanium,ea,1
50.00,0102,2" SYA Warrior Riser with Pre Filter Tips,ea,47
50.00,0103,1 1/2" SYA Warrior Riser with Pre Filter Tips,ea,7
20.00,0109,3" SYA Riser Filter Tips - just the tip,ea,1
55.00,0110,SYA 1-1/2 Dual Intake Warrior Plate,ea,2
110.00,0110-4273,HJC CS-MXII Medium Flat Black,ea,1
110.00,0110-4274,HJC CS-MXII Large Flat Black,ea,2
110.00,0110-4275,HJC CS-MXII XL Flat Black,ea,0
110.00,0110-4276,HJC CS-MXII 2XL Flat Black,ea,1
110.00,0110-4277,HJC CS-MXII 3XL Flat Black,ea,2
185.00,0110-4660,HJC DS-X1 Medium White,ea,0
185.00,0110-4661,HJC DS-X1 Large White,ea,1
150.00,0110-5972,HJC i50 TONA MC7SF,ea,1
175.00,0110-6211,Thor Sector Split Small Matte/Charcoal/Black,ea,2
175.00,0110-6216,Thor Sector Split XS White/Black,ea,2
175.00,0110-6222,Thor Sector Split XS Matte/Black/Acid,ea,1
175.00,0110-6223,Thor Sector Split Small Matte/Black/Acid,ea,2
175.00,0110-6226,Thor Sector Split XL Matte/Black/Acid,ea,1
175.00,0110-6227,Thor Sector Split 2XL Matte/Black/Acid,ea,1
175.00,0110-6229,Thor Sector Split Small Matte/Orange/Navy,ea,2
175.00,0110-6230,Thor Sector Split Medium Orange/Navy,ea,2
175.00,0110-6233,Thor Sector Split 2XL Matte/Orange/Navy,ea,2
175.00,0110-6239,Thor Sector Split 2XL Matte/Blue/Black,ea,2
125.00,0110-6341,HJC CS-MXII 2XL Orange,ea,2
125.00,0110-6342,HJC CS-MXII 3XL Ellusion Orange/Grey,ea,2
125.00,0110-6353,HJC CS-MXII 2XL Ellusion Black/White,ea,2
125.00,0110-6354,HJC CS-MXII 3XL Ellusion Black/White,ea,1
115.00,0110-7002,HJC CS-MXII TRAX SM Teal/Black,ea,1
115.00,0110-7003,HJC CS-MXII TRAX MD Teal/Black,ea,1
115.00,0110-7004,HJC CS-MXII TRAX LG Teal/Black,ea,0
115.00,0110-7005,HJC CS-MXII TRAX XL Teal/Black,ea,1
130.00,0110-7235,Z1R Rise Helmet LG Orange,ea,1
130.00,0110-7236,Z1R Rise Helmet XL Orange,ea,1
130.00,0110-7237,Z1R Rise Helmet 2XL Orange,ea,1
130.00,0110-7251,Z1R Rise Helmet LG Blue,ea,1
130.00,0110-7257,Z1R Rise Helmet SM Pink,ea,1
130.00,0110-7259,Z1R Rise Helmet LG Pink,ea,1
115.00,0110-7688,HJC CS-MXII Creed Grey/HiVis Medium,ea,1
125.00,0110-7689,HJC CS-MXII Large Creed Grey/HiVis,ea,1
115.00,0110-7690,HJC CS-MXII Creed Grey/HiVis XL,ea,1
115.00,0110-7691,HJC CS-MXII Creed Grey/HiVis 2XL,ea,1
115.00,0111-0961,HJC CL-XY2 Youth Helmet Flat Black XL,ea,1
95.00,0111-1156,Z1R Rise YS Black,ea,1
95.00,0111-1267,Z1R Rise Youth Helmet YS Camo Matte Blue,ea,1
115.00,0111-1367,HJC CL-XY2 Youth Helmet YM Blue/Black,ea,0
115.00,0111-1376,HJC CL-XY2 Youth Helmet YL White/Black,ea,1
115.00,0111-1442,Z1R Rise Youth Helmet YS Orange,ea,1
115.00,0111-1443,Z1R Rise Youth Helmet YM Orange,ea,1
115.00,0111-1444,Z1R Rise Youth Helmet YL Orange,ea,1
370.00,0114,SYA Traditional Riser Extension Snorkel Kit for Maverick XMR,ea,2
135.00,012748772125,Winch Rope Warn Synthetic 5/32" x 40ft,ea,2
250.00,013754,BlackWater 26x11-12,ea,2
230.00,013755,BlackWater 26x9-12,ea,2
175.00,0142B,SYA (BLUE) ANGEL EYES LED KIT FOR RENEGADE, COMMANDER, MAVERICK,ea,0
175.00,0142G,SYA (GREEN) ANGEL EYES LED KIT FOR RENEGADE, COMMANDER, MAVERICK,ea,0
175.00,0142R,SYA (RED) ANGEL EYES LED KIT FOR RENEGADE, COMMANDER, MAVERICK,ea,0
175.00,0142W,SYA (WHITE) ANGEL EYES LED KIT FOR RENEGADE, COMMANDER, MAVERICK,ea,1
175.00,0143B,SYA (BLUE) ANGEL EYES LED KIT FOR OUTLANDER G2 MODELS,ea,2
175.00,0143G,SYA (GREEN) ANGEL EYES LED KIT FOR OUTLANDER G2 MODELS,ea,0
175.00,0143R,SYA (RED) ANGEL EYES LED KIT FOR OUTLANDER G2 MODELS,ea,0
175.00,0143W,SYA (WHITE) ANGEL EYES LED KIT FOR OUTLANDER G2 MODELS,ea,0
38.00,015302,FMF Muffler Packing,ea,1
55.00,0155-1066,CVTech Clutch Puller,ea,11
50.00,0155-1073,CVTech Clutch Puller,ea,2
540.00,0168,SYA Warrior Riser Snorkel kit for Yamaha Grizzly & Kodiak 450,ea,1
535.00,0174,SYA Warrior Riser Snorkel kit for CF Moto ZForce 1000,ea,0
1.99,01824080205,ODES Allen T Type Bolt,ea,4
285.00,0184,SYA Warrior Riser Snorkel kit for Honda Ranch 420 20-22,ea,1
333.00,0185,SYA Warrior Riser Snorkel kit for Honda Rubicon & Foreman 520 20-22,ea,1
175.00,0186B,SYA (BLUE) ANGEL EYES LED KIT FOR Outlander L,ea,0
175.00,0186G,SYA (GREEN) ANGEL EYES LED KIT FOR Outlander L,ea,1
175.00,0186R,SYA (RED) ANGEL EYES LED KIT FOR Outlander L,ea,0
175.00,0186W,SYA (WHITE) ANGEL EYES LED KIT FOR Outlander L,ea,1
570.00,0189,SYA RZR XP Pro 20-22 WR SK - Orange Decals,ea,2
65.00,02-00101,GRABBERZ ATV TIRE CHAINS 54"X14.5"-4 LINK,ea,0
80.00,02-02400,Bronco Wheel Spacers 1" 4/110 10mm,ea,11
98.00,02-02401,Bronco Wheel Spacers 1.5" 4/110 10mm,ea,2
119.00,02-02402,Bronco Wheel Spacers 2" 4/110 10mm,ea,2
80.00,02-02403,Bronco Wheel Spacers 1" 4/110 12mm x 1.25,ea,1
98.00,02-02404,Bronco Wheel Spacers 1.5" 4/110 12mm x 1.25,ea,2
80.00,02-02410,Bronco Wheel Spacers 1" 4/115 10mm,ea,3
123.00,02-02412,Bronco Wheel Spacers 2" Spacer,ea,1
87.00,02-02420,Bronco Wheel Spacers 1" 4/137 10mm,ea,13
114.00,02-02421,Bronco Wheel Spacers 1.5" 4/137 10mm,ea,8
139.00,02-02422,Bronco Wheel Spacers 2" 4/137 10mm,ea,5
87.00,02-02423,Bronco Wheel Spacers 1" 4/137 12mm x 1.25,ea,1
114.00,02-02424,Bronco Wheel Spacers 1.5" 4/137 12mm,ea,1
90.00,02-02430,Bronco Wheel Spacers 1" 4/156 3/8,ea,8
123.00,02-02431,Bronco Wheel Spacers 1.5" 4/156 3/8",ea,8
130.00,02-02432,Bronco Wheel Spacers 2" 4/156 3/8",ea,2
138.00,02-02433,Bronco Wheel Spacers 1" 4/156 12mm x 1.5,ea,4
123.00,02-02434,Bronco Wheel Spacers 1.5" 4/156 12mm x 1.5,ea,4
122.00,02-02435,Bronco Wheel Spacers Polaris 1" 4/156 10mm,ea,8
110.00,02-02436,Bronco Wheel Spacers 1.5" 4/156 10mm,ea,1
170.00,021108,Trail Trooper 26x12-12,ea,2
90.00,021160,Trail Fighter 24x8-12,ea,0
120.00,021161,Trail Fighter 24x10-11,ea,0
105.00,021171,Trail Trooper 24x8-12,ea,2
118.00,021173,Trail Trooper 24x10-11,ea,2
175.00,021194,Trail Trooper 26x10-12,ea,4
135.00,021202,Trail Trooper 25x8-12,ea,2
158.00,021203,Trail Trooper 25x10-12,ea,4
158.00,021206,Trail Trooper 26x9-12,ea,2
195.00,021207,Trail Trooper 26x11-12,ea,2
165.00,021208,Trail Trooper 27x9-12,ea,0
187.00,021209,Trail Trooper 27x10-12,ea,0
165.00,021210,Trail Trooper 27x9-14,ea,0
192.00,021211,Trail Trooper 27x11-14,ea,0
192.00,021212,Trail Trooper 29x9-14,ea,2
235.00,021213,Trail Trooper 29x11-14,ea,0
105.00,027973,Handlebar Contour With Bar Pad for ATV - Black,ea,0
230.00,0320-0924,Moose Aggro 30X10-14,ea,4
255.00,0320-0925,Moose Aggro 32X10-14,ea,4
455.00,045918498969,Hunt Shield Series Insulated Waders M Regular 10 Realtree-Max 5,ea,1
455.00,045918498976,Hunt Shield Series Insulated Waders M Regular 12 Realtree-Max 5,ea,1
455.00,045918498983,Hunt Shield Series Insulated Waders M Stout 10 Realtree-Max 5,ea,2
455.00,045918498990,Hunt Shield Series Insulated Waders M Stout 12 Realtree-Max 5,ea,2
455.00,045918499027,Hunt Shield Series Insulated Waders M Long 12 Realtree-Max 5,ea,2
455.00,045918499058,Hunt Shield Series Insulated Waders M King 14 Realtree-Max 5,ea,1
16.50,045919592857,Gator Wader Face Shield Coral Aztec,ea,25
75.00,045919593687,Scout Gloves Small Purple,ea,1
75.00,045919593694,Scout Gloves W Medium Purple,ea,0
75.00,045919593724,Scout Gloves W Small Tiffany,ea,1
75.00,045919593731,Scout Gloves W Medium Tiffany,ea,0
220.00,045919594035,Everglade 2.0 Uninsulated Boot M 9 Lime,ea,1
240.00,045919594066,Everglade 2.0 Insulated Boot M 12 Lime,ea,1
220.00,045919594110,Everglade 2.0 Uninsulated Boot M 10 Red,ea,1
220.00,045919594127,Everglade 2.0 Uninsulated Boot M 11 Red,ea,1
220.00,045919594134,Everglade 2.0 Uninsulated Boot M 12 Red,ea,1
240.00,045919594189,Everglade 2.0 Uninsulated Boot W 8 Aqua,ea,1
240.00,045919594233,Everglade 2.0 Uninsulated Boot W 8 Purple,ea,0
240.00,045919594257,Everglade 2.0 Uninsulated Boot W 10 Purple,ea,1
220.00,045919594332,Everglade 2.0 Uninsulated Boot M 8 Hardwoods,ea,1
220.00,045919594349,Everglade 2.0 Uninsulated Boot M 9 Hardwood,ea,0
220.00,045919594394,Everglade 2.0 Uninsulated Boot M 14 Hardwoods,ea,1
152.00,045919594486,Everglade 2.0 Uninsulated Boot W 9 Hardwoods,ea,1
1.50,04712100022,ODES Slotted Nut,ea,6
330.00,058467,Kimpex Deluxe ATV Cargo Box,ea,5
0.38,06119102005,ODES Washer,ea,3
535.00,0616,SYA Warrior Riser Snorkel Kit for POL Sportsman 450-570 21+,ea,0
73.00,07-0104,Starter Motor GY6 50CC Engine,ea,1
650.00,07-2008,DragonFire Racing CanAm (2 Door) X3 Pursuit Door Kit,ea,3
5000.00,07-K-MUL-400-C-1,Used 2007 Kawasaki Mule 400 UTV - Camo - 320hrs,ea,0
3.75,071247143164,Star Brite Star Tron 30ml,ea,17
8.75,09-202,Kimpex Oil Filter Replacing 79-00113,ea,0
650.00,0900-0289,CVTech Clutch CANAM Maverick 1000,ea,0
665.00,0900-0290,CVTech Clutch G1 Outlander 800,ea,0
650.00,0900-0291,CVTech Clutch ATV Renegade 800 HO ALL,ea,0
650.00,0900-0293,CVTech Clutch BRP 1000 Outlander,ea,1
650.00,0900-0294,CVTech Clutch Trailbloc BRP Outlander 850 2016,ea,0
650.00,0900-0295,CVTech Clutch Trailbloc BRP Outlander 1000 XMR 2013-2016,ea,5
565.00,0900-0392,CVTech Drive Clutch Calibrated ATV Outlander 650 2006-21,ea,4
555.00,0900-0410,CVTech Drive Clutch Calibrated ATV Trailbloc,ea,9
640.00,0900-0424,CVTech Drive Clutch Calibrated ATV Trailbloc CAN-AM Outlander 850 XMR,ea,8
29.00,0901-7103,CVTech Trailbloc Weight Kit 9GR 6pcs,ea,0
29.00,0901-7104,CVTech Trailbloc Weight Kit 12GR 6pcs,ea,8
29.00,0901-7105,CVTech Trailbloc Weight Kit 14GR 6pcs,ea,8
29.00,0901-7106,CVTech Trailbloc Weight Kit 16GR 6pcs,ea,19
29.00,0901-7107,CVTech Trailbloc Weight Kit 18GR 6pcs,ea,8
29.00,0901-7108,CVTech Trailbloc Weight Kit 20GR 6pcs,ea,0
29.00,0901-7109,CVTech Trailbloc Weight Kit 22GR 6pcs,ea,0
29.00,0901-7110,CVTech Trailbloc Weight Kit 24GR 6pcs,ea,2
29.00,0901-7111,CVTech Trailbloc Weight Kit 26GR 6pcs,ea,1
29.00,0901-7112,CVTech Trailbloc Weight Kit 28GR 6pcs,ea,3
29.00,0901-7113,CVTech Trailbloc Weight Kit 30GR 6pcs,ea,2
29.00,0901-7114,CVTech Trailbloc Weight Kit 17GR 6pcs,ea,6
29.00,0901-7117,CVTech Trailbloc Weight Kit 15GR 6pcs,ea,1
3.99,0930-3013,Trailbloc Shoe 12mm,ea,4
3.99,0930-3016,Trailbloc Shoe 8mm,ea,4
7.99,0930-3020,Trailbloc Shoe 10mm,ea,3
10.39,0930-3022,Trailbloc Weight Shoes 2020,ea,2
37.00,0951-1012,CVTech Trailbloc Spring Drive Clutch - Gold / Blue / White,ea,2
37.00,0951-1013,CVTech Trailbloc Spring Drive Clutch - Gold / Yellow / Blue,ea,9
37.00,0951-1014,CVTech Trailbloc Spring Drive Clutch - Gold / Yellow / Yellow,ea,2
37.00,0951-1015,CVTech Trailbloc Spring Drive Clutch - Gold / Yellow / Red,ea,3
37.00,0951-1016,CVTech Trailbloc Spring Drive Clutch - Gold / Yellow / Pink,ea,18
37.00,0951-1017,CVTech Trailbloc Spring Drive Clutch - Gold / Yellow / White,ea,16
37.00,0951-1018,CVTech Trailbloc Spring Drive Clutch - Gold / Red / Yellow,ea,3
37.00,0951-1019,CVTech Trailbloc Spring Drive Clutch - Gold / Red / Red,ea,14
37.00,0951-1020,CVTech Trailbloc Spring Drive Clutch - Gold / Red / Pink,ea,2
37.00,0951-1021,CVTech Trailbloc Spring Drive Clutch - Gold / Red / White,ea,8
37.00,0951-1022,CVTech Trailbloc Spring Drive Clutch - Black,ea,0
37.00,0951-1024,CVTech Trailbloc Spring Drive Clutch - Gold / Pink / Red,ea,0
37.00,0951-1025,CVTech Trailbloc Spring Drive Clutch - Gold / Pink / Pink,ea,1
37.00,0951-1037,CVTech Trailbloc Spring Drive Clutch,ea,15
8.99,09560006006,Odes Bearing,ea,18
29.99,09560006206,Odes Bearing,ea,20
39.99,09561726203,ODES Bearing(Double Sealed),ea,4
205.00,1-1-F-LT5-DT,Super ATV Rhino AXLE FRONT - POLARIS RZR S 800,ea,2
210.00,1-1-F-LT7-DT-RAN-900,Super ATV Rhino AXLE FRONT - POLARIS RZR XP 900,ea,0
205.00,1-21-R-BT,Super ATV Rhino - Polaris Sportsman XP and Scrambler 2009+ Axles,ea,0
205.00,1-71-F-0-DT,Super ATV Rhino - Sportsman Axle,ea,2
75.00,1.5"-144/110-ADAPTORS,1.5" 4x144 to 4x110 Spacer Adaptor,ea,1
14.00,10-09506,Winch Rope Tree Saver,ea,2
3.00,10-10071,SC1 Air Freshener,ea,9
175.00,1000049,Side X Side Soft Rear Window for Sector 550/750,ea,0
730.00,1000050,Side X Side Over Roof UTV Cab Enclosure for HiSun HS 500/700,ea,1
330.00,1002,EHS Yamaha Grizzly 700 EFI Controller,ea,2
975.00,1006004,RJWC DUAL Exhaust - APX/AL Dual Maverick X3 Turbo,ea,1
63.00,100945,KFI 2" Rear Receiver for CanAm,ea,3
229.99,10101220000,Odes Front Left Axle,ea,1
229.99,10101230000,Odes Front Right Axle,ea,1
550.00,101030,Warn Winch VRX 35-S,ea,1
630.00,101040,Warn Winch VRX 45-S,ea,1
54.99,10106010080,Odes Brake Pad, Rear,pr,4
275.00,10109070120,Odes Tail Light, Left,ea,1
14.99,10109330000,Odes 2WD/4WD Solenoid,ea,6
99.99,10109360000,Odes Reverse Speed Controller,ea,1
79.99,10109430000,Odes Push Start Button,ea,5
49.99,10110290010,Odes Driver Rear Body Guard Board,ea,2
45.99,10110290020,Odes Passenger Rear Body Guard Board,ea,1
6.99,10110340030,ODES Door Hinge, Driver,ea,7
3.99,10110340040,ODES Door Hinge, Passenger,ea,8
6.99,10110340300,Odes Door Strap,ea,3
24.99,10110550020,Odes Front Right Wheel Rear Mud Guard Board,ea,2
105.00,101110,KFI 2" Tiger Tail Mount,ea,2
199.99,10111120010,Odes Gear Shift,ea,1
100.00,101115,KFI 1-1/4" Tiger Tail Mount,ea,1
210.00,101120,KFI Tigertail Tow System (Rope portion only, no mount),ea,1
60.00,101121-R,KFI Tigertail UTV Rope Assembly,ea,1
740.00,101130,Warn Winch Axon 35-S,ea,1
25.00,101132-R,KFI Tigertail Hook Bracket Kit,ea,1
900.00,101140,Warn Winch Axon 45-S,ea,1
19.99,10114110090,Odes Windshield Mounting Hinge,ea,8
6.99,10114110110,ODES Torx Bolt,ea,19
6.99,10114110120,ODES Torx Nut,ea,4
64.99,101465,KFI 2" Honda Rear Receiver,ea,1
113.00,101490#,2" Hitch Receiver for POL,ea,1
120.00,101500,KFI Winch Mount,ea,1
35.00,101505,Power Harness 3-PIN POL SXS,ea,2
210.00,103-GP-Outlander-Renegade,Garage Products REV2 Front Bushing Kit for CanAm Renegade/Outlander,ea,0
55.99,10401180000,ODES Ball Joint 32mm,ea,4
55.99,10401190000,ODES Ball Joint 34mm,ea,4
14.99,10405230020,Odes Wheel Dust Cover,ea,12
8.99,10409340000,ODES Diverter Relay (Four Prong),ea,1
330.00,1043,EHS Yamaha Grizzly 700 2014-15 EFI Controller,ea,2
330.00,1046,EHS Yamaha Grizzly 700 2016-18 EFI Controller,ea,5
345.00,1049,EHS Yamaha Grizzly 700 2019+ EFI Controller,ea,2
345.00,1050,EHS Yamaha Kodiak 700 2019+ EFI Controller,ea,2
290.00,105000,KFI Pro Series ATV Push Tube,ea,13
120.00,105040,KFI ATV Plow Mount for Can-Am G1,ea,2
250.00,105048,KFI Pro Series 48" Blade,ea,9
270.00,105054,KFI Pro Series 54" Blade,ea,0
299.00,105060,KFI Pro Series 60" Blade,ea,11
383.00,105066,KFI Pro Series 66" Blade,ea,7
445.00,105072,KFI Pro Series 72" Blade,ea,6
95.00,1051,RJWC Quiet Core,ea,7
120.00,105130,KFI ATV Plow Mount for Yamaha Grizzly,ea,2
330.00,1052,EHS Can-Am Rene/Out 2019+ 1000 EFI Controller,ea,2
120.00,105445,KFI ATV Plow Mount for Can-Am G2 12-21,ea,2
120.00,105555,KFI UTV Plow Mount for HiSun HS500,ea,2
96.00,1056,RJWC Billet Gas Cap - Polaris & Can-Am,ea,0
315.00,105635,KFI Pro Series UTV Push Tube,ea,18
13.00,105640,KFI Plow Markers,ea,1
105.00,105745,KFI Universal ATV Plow Mount,ea,2
135.00,105780,KFI UTV Plow Mount for CAN-AM Defender,ea,2
20.00,105897,Motul 5W40 Synthetic 1L,ea,1
60.00,105898,Motul 5W40 Synthetic 4L,ea,4
125.00,105925,KFI UTV Plow Mount for HiSUN,ea,0
1200.00,105935,KFI UTV Plow Actuator Kit,ea,1
120.00,106020,KFI ATV Plow Mount for Polaris sportsman 450/570 (OLD SKU 105080),ea,1
149.99,10701030000,Front Wheel-Hub,ea,0
6.99,10705210010,Odes Steering Kunckle Spacer,ea,4
50.00,10709030000,Odes Ignition Switch,ea,2
49.99,10709070020,Odes Tail Light Passenger,ea,1
399.99,10901220000,Front Left Axle,ea,0
14.99,10903100090,Odes Air Sac,ea,4
264.99,10904080001,Odes Fuel Pump,ea,3
19.99,10905100081,Odes Steering Tie Rod Ball Joint,ea,5
39.99,10907040001,Odes CVT Exhaust Pipe,ea,1
2.99,10907040010,Odes CVT Exhaust Pipe Boot,ea,9
2.99,10908110010,ODES Front Bumper Plug,ea,6
8.99,10908420030,Odes Tow Ball Fixed Pin,ea,3
2.99,10908420040,ODES Trailer Hook Cotter,ea,3
19.99,10909320000,Odes 2WD/4WD Switch,ea,4
349.99,10909410000,Odes Engine Wiring Harness,ea,1
40.00,10911010010,Odes Throttle Cable,ea,2
59.99,10914150050,Odes Winch Control Hand Bar,ea,2
28.00,10A3000,GTX4L-BS Yimatzu Battery,ea,1
40.00,11-0211,Pentora Drive Belt,ea,3
6.99,11010038557,Odes Oil Seal 38x55x7,ea,9
6.99,11010038558,Odes Oil Seal 38x55x8,ea,9
6.99,11010038627,Odes Oil Seal 38x62x7,ea,2
6.99,11010038628,Odes Oil Seal 38x62x8,ea,2
6.99,11010042627,Odes Oil Seal 42x62x7,ea,8
6.99,11010042628,Odes Oil Seal 42x62x8,ea,8
1200.00,1106004,RJWC APX/AL Dual XP Turbo,ea,1
1200.00,1106005,RJWC APX/AL Dual Q XP Turbo,ea,1
840.00,1107004,RJWC APX/Al Dual RZR Pro XP Exhaust,ea,1
165.00,1112,RJWC G2 Billet Airbox Lid,ea,4
280.00,111328,BlackWater 27x11-14,ea,0
265.00,111329,BlackWater 27x9-14,ea,0
275.00,111330,BlackWater 27x11-12,ea,2
250.00,111332,BlackWater 27x9-12,ea,2
265.00,111590,BlackWater 28x9-14,ea,2
305.00,111597,BlackWater 28x10-14,ea,0
282.00,111598,BlackWater 28x11-14,ea,2
285.00,111600,BlackWater 30x10-14,ea,4
49.00,11162,S3 Defender Rear Spring Spacers 1.375" - Set of 2,ea,10
125.00,1121,RJWC Can-Am Outlander G2 Steel Bumpercaps,ea,4
49.00,11270,S3 Defender Front Spring Spacers  - Set of 2,pr,10
400.00,1155,RJWC CanAm G2 Highflow Header Stainless Exhaust,ea,6
395.00,1156,CAN-AM G2 Highflow Header Exhaust 570/650/850,ea,10
54.00,11601,RJWC High-Flow Foam Air Filter - Can-Am OUT/RENE G2,ea,3
175.00,116101309032401,Pentora Front Brake,ea,2
155.00,116101409041501,Pentora Rear Brake,ea,1
30.00,116200504012201,Pentora Air Filter Assembly,ea,1
39.99,116218702152201,Pentora Left Side Handlebar Assembly,ea,3
24.99,116304812020501,Pentora Throttle Cable,ea,9
40.00,1170,RJWC OUT 1000 Max Adapter 2011-2020,ea,6
575.00,1184,RJWC Renegade/Outlander G1 Single SlipOn Exhaust,ea,0
575.00,1186,RJWC Single Slip On Pipe - CanAm Outlander G2,ea,29
575.00,1186APX,RJWC Single Slip On Pipe - CanAm Outlander G2,ea,2
625.00,1186KF,RJWC Single Slip On Pipe - CanAm Outlander G2 - Kross Flow,ea,12
825.00,1187,RJWC Stacked Dual Slip On Pipe - CanAm Outlander G2,ea,2
1050.00,1187KF,RJWC Dual Stacked Krossflow Slipon for CanAM OUT G2,ea,1
555.00,1189,RJWC Renegade G2 Single SlipOn Exhaust,ea,2
575.00,1190,RJWC Single Slip On Pipe - CanAm Outlander L,ea,1
420.00,1190001,RJWC Header Pipe RZR XP/Pro XP,ea,1
600.00,1190KF,RJWC Krossflow Single Slip On Pipe - CanAm Outlander L 450/570/570XMR,ea,2
985.00,1192,RJWC DUAL Exhaust - CanAm Outlander G2 (Split Duals) SXS,ea,1
1150.00,1192APX,RJWC Split Dual APX - CanAm Outlander G2,ea,2
1099.00,1192KF,RJWC DUAL Exhaust - CanAm Outlander G2 (Split Duals),ea,3
975.00,1199,RJWC DUAL Exhaust - CanAm Renegade XMR Dual (Centered Duals) SXS,ea,15
1050.00,1199KF,RJWC Krossflow DUAL Exhaust - CanAm Renegade XMR 570/1000 (Centered Duals),ea,7
65.00,12-1003,K&N POL Scrambler/Sportsman Air Filter (96-21),ea,1
575.00,1201,RJWC Single Slip On Pipe - CanAm Renegade G2 Centered,ea,7
75.00,1201-Midpipe,Midpipe for 1201 Exhaust,ea,1
600.00,1201KF,RJWC Krossflow Single Centered Slip On Pipe - CanAm Renegade G2(Incl XMR),ea,1
575.00,1204,RJWC Single Slip On Pipe - Polaris Sportsman 400-800cc,ea,0
600.00,1208,RJWC Single Slip On Pipe - Polaris Scrambler XP 850/1000,ea,1
600.00,1208KF,RJWC Krossflow Single Slip On Pipe - Polaris Scrambler XP 850/1000,ea,1
625.00,1211,RJWC Single Mud Edition POL Sportsman HL XP 850/1000,ea,1
575.00,1211KF,RJWC Krossflow Sportsman 850/1000 Highlifter Single slipon,ea,1
0.00,121500150000,HiSun Cylinder Body Gasket,ea,10
575.00,1217,RJWC Single Slip On Pipe - Yamaha Grizzly & Kodiak 700,ea,1
660.00,1221,RJWC Mud Edition Honda Rubicon 500/520 & Rancher 420 Single Full Exhaust,ea,0
330.00,1225,RJWC EFI Tuner - Out/Rene 500/650 (06-09) & 800 (06-12),ea,2
75.00,1225544014,ITP 12" Steel Black Rims (110) Rear 2+5,ea,2
75.00,1225553014,ITP 12" Steel Black Rim (110) Front 5+2,ea,6
75.00,1225565014,ITP 12" Steel Black RIM (137) Rear,ea,3
75.00,1225573014,ITP 12" Steel Black RIM (137) Front,ea,4
75.00,1225579014,ITP 12" Steel Black RIM 4+3 (156),ea,4
330.00,1226,RJWC EFI Tuner - Outlander / Renegade G2 500/650/850/1000,ea,2
330.00,1230,RJWC EFI Tuner - CF Moto Z8 UTV/ATV 800/850/1000,ea,1
330.00,1235/1236,RJWC EFI Tuner - Polaris Sportman / Scrambler 1000,ea,3
0.00,1257,Airbox Lid Filter Plate 2016+ - Not a kit, just the filter plate,ea,8
155.00,1271-651,Slingshot 27x11-12,ea,0
60.00,1272,RJWC Repack Kit - Single 13.8",ea,1
75.00,1272KF,RJWC Krossflow Rebuild Kit - Single 13.8",ea,1
85.00,1273,RJWC Repack Kit - Dual 10.6",ea,1
825.00,1277,Mud Edition Polaris Sportsman HL Edition - Dual Pipe,ea,1
85.00,1279,RJWC Repack Kit - Dual 10.0",ea,1
135.00,1279-651,Slingshot 27x9-12,ea,0
60.00,1280,RJWC Repack Kit - Single 10.6",ea,2
85.00,1282,RJWC Repack Kit - Dual 13.8,ea,2
60.00,1283,RJWC Repack Kit - Single 10.0",ea,2
1050.00,1284,RJWC Sportsman XP 850/1000 (Not Touring) Split Dual Mud Edition,ea,1
1050.00,1284KF,RJWC Sportsman XP 850/1000 (Not Touring) Split Dual Slipon Krossflow,ea,1
330.00,1289,RJWC EFI Tuner - Kawasaki Brute Force 750 15-16,ea,1
750.00,129077,Ramp Pro HD 3000lb,ea,1
450.00,1295,RJWC Maverick X3 Turbo Cat Delete,ea,1
975.00,1297,RJWC DUAL Exhaust - CanAm Defender & Maverick,ea,1
130.00,12HD1000,HD10 - Gloss Black/Machined (110) 5+2 12",ea,6
125.00,12HD1001,HD10 - Gloss Black/Machined (110) 12" 2+5,ea,0
115.00,12HD300,HD3 - Gloss Black / Machined (110) 12" 5+2,ea,4
115.00,12HD301,HD3 - Gloss Black / Machined (110) 12" 2+5,ea,2
140.00,12HD303,HD3 - Gloss Black / Machined (156) 12",ea,0
115.00,12HD307,HD3 - Gloss Black / Machined (137) 12",ea,0
120.00,12HD310,HD3 - Gloss Black (110) 12" 5+2,ea,4
120.00,12HD311,HD3 - Gloss Black (110) 12" 2+5,ea,2
120.00,12HD400,HD4 - Gloss Black / Machined (110) 12" 5+2,ea,6
120.00,12HD401,HD4 - Gloss Black / Machined (110) 12" 2+5,ea,2
120.00,12HD403,HD4 - Gloss Black / Machined (156) 12",ea,0
120.00,12HD407,HD4 - Gloss Black / Machined (137) 12",ea,8
55.00,13.5lightbar,13.5" Light Bar,ea,1
63.00,13026,Motul 10W50 Synthetic 4L,ea,1
94.00,1310,RJWC Mud Edition End Tips & Plate Logo,ea,0
12.00,13101KF,RJWC Krossflow Logo Plate,ea,2
118.00,1310KF,RJWC Krossflow End Tip,ea,0
90.00,1310ME,RJWC Mud Edition End Tip Next Gen,ea,2
0.00,131110100000,HiSun Piston Pin, 800cc,ea,1
80.00,1312,RJWC End Clamp,ea,2
18.00,1313100,RJWC Reinforced Exhaust Clamps,ea,15
12.50,131350,RJWC Exhaust Clamp - 50mm,ea,3
84.99,13201040000,Odes Rear Wheel Hub,ea,1
9.99,13201200010,Odes Knuckle Bushing,ea,1
399.99,13201240000,Odes Driver Side Rear Axle,ea,0
399.99,13201250000,Odes Rear Right Axle,ea,2
19.99,13204060001,Odes Fuel Filter,ea,14
20.00,13207,Motul 10W50 Synthetic 1L,ea,5
2.99,13207030010,Odes CVT Air Inlet Pipe Boot,ea,10
11.99,13210260130,ODES Hood Rotating Switch,ea,2
2.99,13210260150,ODES Hood Rubber Plug,ea,1
575.00,1332,RJWC Single Slip On Pipe - CF Moto 800 Z-Force UTV,ea,0
950.00,1335,RJWC Mud Edition Sportsman Highlifter 850/1000 Dual SlipOn,ea,2
1150.00,1335KF,RJWC Krossflow DUAL Slipon Exhaust - POL Sportsman HL 850/1000,ea,1
575.00,1336,RJWC Single Slip On Pipe - Polaris Sportsman XP850/1000 HL,ea,1
625.00,1336KF,RJWC Krossflow Single Slipon - POL Sportsman HL 850/1000,ea,3
975.00,1337,RJWC DUAL Exhaust - CanAm Maverick X3,ea,1
180.00,1338,EHS Airbox Cover Complete Setup for Grizzly Kodiak 700 2007-2015,ea,1
550.00,1340,Neutrino LED Head Light Kit - Renegade G2,ea,3
550.00,1341,Neutrino LED Head Light Kit - Outlander G2 (not L),ea,3
0.00,1341HWK,Neutrino Outlander G2 Hardware Kit Only,ea,3
575.00,1350,RJWC Single Slip On Pipe - CF Moto 850/1000,ea,0
575.00,1351,RJWC Single Slip On Pipe - CF Moto 1000 Z-Force UTV,ea,1
400.00,13565,Loading Ramp MXPro Caliber,ea,2
180.00,1357,EHS Airbox Cover Complete Setup for Grizzly Kodiak 700 2016+,ea,0
210.00,13601220000,Odes Front Left Axle,ea,1
229.99,13601230000,Odes Front Right Axle,ea,1
210.00,13601240000,Odes ATV Rear Left Axle,ea,1
210.00,13601250000,Odes ATV Rear Right Axle,ea,1
110.00,13603110000,Odes Front Transmission Shaft,ea,2
39.99,13605110000,Odes Rocker Arm,ea,1
24.99,13606010650,Odes Brake Pad, Rear, LH,pr,2
24.99,13606010660,Odes Brake Pad, Rear, RH,pr,2
49.99,13608070020,Odes Rear Handrail, Driver,ea,1
49.99,13608080020,Odes Rear Handrail, Passenger,ea,1
59.99,13608860000,Odes Winch Bracket,ea,1
399.99,13609020010,Odes Wire Harness,ea,1
36.99,13609040000,Odes Ignition Switch,ea,4
89.99,13609070120,Odes Tail Light,ea,2
19.99,13609120050,Odes Front Steering Light,ea,2
119.99,13610080011,Odes Driver Side Foot Rest,ea,1
119.99,13610080021,Odes Passenger Side Foot Rest,ea,1
27.95,13611010010,Odes ATV Throttle Cable,ea,1
14.99,13611050000,Odes Gear Shift Ball,ea,9
4.99,13611050020,ODES Gear Shifting Spring,ea,1
69.99,13611060000,Odes Gear Shifter,ea,1
49.99,13611070000,Odes Right Hand Throttle Assembly,ea,1
575.00,1374,RJWC Single Slip On Pipe - Polaris Sportsman 850SP/1000XP (2017-2019),ea,1
575.00,1377,RJWC Single Slip On Pipe - Polaris Sportsman/Scrambler XP 1000S,ea,2
1150.00,1378,RJWC Dual Slip On Pipe - Polaris Sportsman/Scrambler XP 1000 S,ea,2
1150.00,1378KF,RJWC Krossflow Dual Slipon POL Sportsman/Scrambler XP 1000 S,ea,1
279.99,14101240000,Odes Rear Left Axle,ea,1
99.99,14105140000,Odes Driver Rear Mirror,ea,1
99.99,14105150000,Odes Passenger Rear Mirror,ea,2
99.99,14109350001,Odes Starter Relay,ea,4
8.99,14209010180,Odes Starter Relay Connector Wire,ea,5
155.00,1421949727B,Tornado - Matte Black/Milled (115) 14",ea,0
135.00,1422072727B,Tsunami Simulated Bead Lock (115) 14" Matte Black,ea,0
105.00,1425553014B,ITP 14" Steel Black Rim (110) 5+2,ea,8
105.00,1425573014B,ITP 14" Steel Black Rim (137) 4+3,ea,8
105.00,1425579014B,ITP 14" Steel Black Rim (156) 4+3,ea,8
230.00,1426-661,M4 Evil 30x10-14,ea,0
115.00,1428379404B,SS212 - Black / Machined (115) 14X6 14",ea,0
120.00,1428380404B,SS212 - Black / Machined (115) 14X8 14",ea,0
125.00,1428514404B,SS216 - Black (115) 14",ea,0
125.00,1428564536B,SS316 Black Ops - Black (115) 14",ea,0
130.00,1428642536B,Hurricane - Matte Black (115) 14",ea,0
155.00,1428657536B,SD Beadlock - Matte Black / Polished Ring (115) 14",ea,0
210.00,143-1128,HD Max Axle - Rene 800 (07-12) FL,ea,1
210.00,143-1130,HD Max Axle - Rene 1000 (12-18) RL,ea,1
210.00,143-3062,HD Max Axle - Rene XMR (19-20) FL,ea,1
210.00,143-3063,HD Max Axle - Rene XMR (19-20) FR,ea,2
230.00,143-3064,HD MAX AXLES RENEGADE XMR (19-21) RL,ea,1
210.00,143-6075,HD Max Axle - POL Sportsman 500 (05-14) FRONT,ea,1
11.25,14308C,Star Brite Star Tron 250ml,ea,8
0.00,145080020000,HiSun Tensioner Gasket,ea,2
105.00,14520-HP1-671,Honda Tensioner Lifter,ea,1
50.00,145200040000,HiSun Timing Chain Tensioner Plate,ea,1
182.00,14HA123,HDA1 - Matte Black (156) 14",ea,4
182.00,14HA127,HDA1 - Matte Black (137) 14",ea,0
210.00,14HB923,HD9 - Complock Matte Black (156) 5+2 14",ea,0
210.00,14HB927,HD9 - Complock Matte Black (137) 5+2 14",ea,0
140.00,14HD1003,HD10 - Gloss Black/Machined (156) 14",ea,12
140.00,14HD1007,HD10 - Gloss Black/Machined (137) 14",ea,0
140.00,14HD1013,HD10 - Matte Black/Smoke/Dark Tint (156) 14",ea,0
140.00,14HD1017,HD10 - Matte Black/Smoke/Dark Tint (137) 14",ea,0
135.00,14HD1023,HD10 - Gloss Black (156) 14",ea,3
135.00,14HD1027,HD10 - Gloss Black (137) 14",ea,0
175.00,14HD300,HD3 - Gloss Black / Machined (110) 14" 5+2,ea,4
140.00,14HD301,HD3 - Gloss Black / Machined (110) 14" 2+5,ea,6
140.00,14HD303,HD3 - Gloss Black / Machined (156) 14",ea,4
155.00,14HD307,HD3 - Gloss Black / Machined (137) 14",ea,2
140.00,14HD310,HD3 - Gloss Black (110) 14",ea,4
150.00,14HD313,HD3 - Gloss Black (156) 14",ea,0
140.00,14HD317,HD3 - Gloss Black (137) 14",ea,8
145.00,14HD400,HD4 - Gloss Black / Machined (110) 14",ea,0
145.00,14HD403,HD4 - Gloss Black / Machined (156) 14",ea,0
145.00,14HD407,HD4 - Gloss Black / Machined (137) 14",ea,4
240.00,14S3-3137,SB-4 - Matte Black (137) 14" 6+1,ea,4
185.00,14S3-3138,SB-4 - Matte Black (137) 14" 4+3,ea,0
210.00,14S3-3156,SB-4 - Matte Black (156) 14" 6+1,ea,4
180.00,14S3-3237,SB-4 - Bronze (137) 14" 6+1,ea,1
180.00,14S3-3238,SB-4 - Bronze (137) 14" 4+3,ea,0
180.00,14S3-3256,SB-4 - Bronze (156) 14" 4+3,ea,4
213.00,14S3-3338,SB-4 - Satin Cement Grey (137) 14",ea,4
180.00,14S3-3356,SB-4 - Satin Cement Grey (156) 14" 6+1,ea,0
180.00,14S3-4110,ST-4 - Gloss Black Machined (110) 14",ea,4
180.00,14S3-4137,ST-4 - Gloss Black Machined (137) 14",ea,4
180.00,14S3-4137R,ST-4 - Black/Red (137) 14",ea,4
200.00,14S3-4156,ST-4 - Gloss Black Machined (156) 14",ea,4
220.00,14S3-5637,SB-5 - Grey (137) 14",ea,0
60.00,14S3RING-200,SB-4 Beadlock 14" Spare Ring, Black,ea,2
95.00,1501,RJWC Billet Gas Cap 2.0 - Polaris & Can-Am BLACK,ea,11
95.00,1501BL,RJWC Billet Gas Cap 2.0 - Polaris & Can-Am BLUE,ea,18
6.50,1501HWK,RJWC Nitrile Rubber Gasket for Gas Cap,ea,4
95.00,1501RD,RJWC Billet Gas Cap 2.0 - Polaris & Can-Am RED,ea,14
100.00,1503BK,RJWC EL'BRAAAPO Gas Cap Black,ea,26
85.00,1505BK,RJWC Can-Am Shifter 2.0 Black,ea,14
185.00,1506-661,M4 Evil 32x10-15,ea,0
85.00,1506BK,RJWC Billet Shifter 2.0 for Polaris,ea,10
90.00,1507,RJWC Can-Am Metal Skeleton Shifter,ea,23
55.00,1508,RJWC Can-Am Polymer Skeleton Shifter,ea,20
90.00,1509,RJWC Skeleton Shifter for Polaris - Aluminum,ea,1
399.99,15101240001,Odes Rear Left Axle,ea,1
399.99,15101250001,Odes Rear Right Axle,ea,1
49.99,15106010060,ODES Brake Pad, Front,pr,2
9.99,15114050080,Odes Owner's Manual,ea,1
255.00,1522530727B,Inertia Beadlock Matte Black/Machined 156 5+2 15",ea,0
69.00,1522AG,RJWC El'Patron Billet Aluminum Shifter for Can-Am - Silver,ea,5
69.00,1522BK,RJWC El'Patron Billet Aluminum Shifter for Can-Am -Black,ea,4
69.00,1522BL,RJWC El'Patron Billet Aluminum Shifter for Can-Am - Blue,ea,3
69.00,1522GR,RJWC El'Patron Billet Aluminum Shifter for Can-Am - Green,ea,2
69.00,1522RD,RJWC El'Patron Billet Aluminum Shifter for Can-Am - Red,ea,8
69.00,1522YL,RJWC El'Patron Billet Aluminum Shifter for Can-Am - Yellow,ea,2
69.00,1524AG,RJWC El'Patron Billet Aluminum Shifter for Polaris - Silver,ea,1
69.00,1524RD,RJWC El'Patron Billet Aluminum Shifter for Polaris - Red,ea,1
155.00,1528644536B,Hurricane - Matte Black (156) 15",ea,0
155.00,1528645536B,Hurricane - Matte Black (137) 15",ea,0
89.99,15309020100,Odes Middle Wire Harness,ea,1
180.00,15S3-1137,ST-3 - Matte Black (137) 15",ea,3
180.00,15S3-1237,ST-3 - Bronze (137) 15",ea,8
237.00,15S3-3137,SB-4 - Matte Black (137) 15" 6+1,ea,4
237.00,15S3-3138,SB-4 - Matte Black (137) 15" 4+3,ea,4
262.00,15S3-3156,SB-4 - Matte Black (156) 15" 6+1,ea,4
262.00,15S3-3237,SB-4 - Bronze (137) 15" 6+1,ea,4
238.00,15S3-3238,SB-4 - Bronze (137) 15" 4+3,ea,0
262.00,15S3-3256,SB-4 - Bronze (156) 15" 6+1,ea,4
235.00,15S3-3356,SB-4 - Satin Cement Grey (156) 15" 6+1,ea,4
235.00,15S3-3357,SB-4 - Satin Cement Grey (156) 15" 4+3,ea,4
250.00,160842,A77 MAMBA - Black Machined (137) 15",ea,4
45.00,1616054,Rollbar Mount 44MM (1.75"),ea,6
48.00,1616055,Rollbar Mount 51MM (2"),ea,2
333.00,1630210004,Tusk Terrabite 30x10-14,ea,4
450.00,1640,Neutrino LED Rear Light Kit - Outlander & Renegade G2,ea,4
65.1759,16501,RJWC Winch Hook Holder Black G2 - Polymer,ea,17
99.00,165020,RJWC 1/2" x 40" Tow Rope Dark Grey,ea,10
34.99,16609190010,Switch(Winch, Rear Diff, Top Light),ea,1
60.00,1701,RJWC Hawse Fairlead,ea,7
200.00,1721962727B,Tornado - Matte Black/Milled (156) 17",ea,0
45.00,179ATVCONT,Replacement Contactor,ea,1
655.00,1800102KF,RJWC Segway Snarler 570/600 Krossflow Exhaust,ea,11
0.00,18001104C0000,HiSun Exhaust Pipe Gasket 500UTV,ea,4
0.00,180011160000,HiSun Exhaust Pipe Gasket 800/1000UTV,ea,2
42.00,1800170,RJWC Segway Snarler 570/600 Adapter for 2UP,ea,10
655.00,18001ME,RJWC Segway Snarler 570/600 Mud Edition Full Exhaust,ea,10
1008.00,18001ME+1800170,RJWC Segway Snarler 570/600 Mud Edition Full Exhaust 2UP,ea,0
0.00,180061150100,HiSun Engine Exhaust Gasket,ea,1
255.00,1852780017,Tusk Nebo Beadlock Rim - Machined Black (115) 14",ea,4
520.00,18901,RJWC Single Slip On Pipe - ODES Assailant 800,ea,0
150.00,19-0051,ST-3 - Machined Black (137) 14",ea,4
150.00,19-0056,ST-3 - Matte Black (110) 14",ea,4
182.00,19-0057,ST-3 - Matte Black (137) 14",ea,4
200.00,19-0058,ST-3 - Matte Black (156) 14",ea,4
255.00,19-0060,ST-3 - Matte Black (137) 18",ea,4
150.00,19-0062,ST-3 - Bronze (110) 14" 5+2,ea,4
150.00,19-0063,ST-3 - Bronze (137) 14",ea,8
180.00,19-0064,ST-3 - Bronze (156) 14",ea,8
205.00,19-0069,SB-3 - Machined Black Beadlock (137) 14",ea,0
205.00,19-0077,SB-3 - Matte Black Beadlock (110) 14" 5+2,ea,4
205.00,19-0078,SB-3 - Matte Black Beadlock (137) 14",ea,0
25.00,19-1005,All Balls U Joint Kit,ea,4
30.00,19-1006,All Balls U-Joint Kit,ea,1
19.50,19-1008,All Balls U-Joint Kit,ea,2
35.00,19-1017,All Balls U Joint Kit,ea,2
15.00,19-5002,All Balls CV Boot Kit,ea,3
15.00,19-5003,All Balls CV Boot Kit,ea,1
15.00,19-5011,All Balls CV Boot Kit,ea,1
17.00,19-5013,All Balls CV Boot Repair Kit,ea,1
15.00,19-5017,All Balls CV Boot Kit,ea,1
15.00,19-5025,All Balls CV Boot Kit,ea,3
15.00,19-5028,All Balls CV Boot Kit,ea,1
17000.00,19-H-STR-1000-W,Hisun Strike 1000 White UTV 2019,ea,0
7000.00,19-H-TAC-550-R,2019 HiSun Tactic 550 Red,ea,0
0.00,19-H-TAC-550-R-2,2019 Used HiSUN Tactic 550 Red,ea,1
0.00,19-H-TAC-750-R,2019 HiSUN Tactic 750 Red UTV,ea,0
0.00,19-USED-H-TAC-550-R-1,2019 Used HiSUN Tactic 550 RED ATV,ea,1
0.00,19-USED-H-TAC-750-R-1,2019 HiSUN Tactic 750 Red,ea,1
7000.00,19-USED-H-TAC-750-R-2,used 2019 HiSUN Tactic 750 Red ATV,ea,1
40.00,191361001895,Fly Racing Kinetic Gloves 2XL Grey/Black,ea,2
40.00,191361002083,Fly Racing Kinetic Gloves XL Red/Black,ea,4
135.00,19C3982,Drive Belt,ea,1
90.00,19G3982,Drive Belt,ea,1
130.00,1R-P2PPK,ROX Pivoting Handlebar Riser 2/1.125 Black Anodized,ea,1
130.00,1R-P2SEK,ROX 2" Pivoting Riser Black Anodized (7/8" stem and either 7/8" or 1-1/8" handle bars),ea,3
130.00,1R-P2SS,ROX 2" Pivoting Riser Black (7/8" stem clamp x 7/8" handlebar),ea,5
75.00,2"-4X4-SPACER,2" Wheel Spacer 4X4 Bolt Pattern,ea,1
194.99,2.5XP-S,DK2 2,500LB Runva Winch with Synthetic Rope,ea,0
55.00,20-00511-1,Drive Belt 743-20-30,ea,3
6999.00,20-H-STR-250-R,Hisun Strike 250 Red UTV 2020,ea,0
0.00,20-H-TAC-550-B,2020 HiSUN Tactic 550 Blue,ea,0
7500.00,20-H-TAC-550-R,2020 HiSun Tactic 550 Red,ea,0
0.00,20-USED-H-TAC-550-B-1,2020 HiSUN Tactic 550 BLUE,ea,1
0.00,20-USED-H-TAC-550-B-2,2020 HiSUN Tactic 550 BLUE,ea,1
6847.02,20-USED-H-TAC-550-R-1,2020 Used HiSUN Tactic 550 Red,ea,1
6847.02,20-USED-H-TAC-550-R-2,2020 Used HiSUN Tactic 550 Red,ea,2
6997.00,20-USED-H-TAC-550-R-3,2020 Used HiSUN Tactic 550 Red,ea,1
7000.00,20-USED-H-TAC-550-R-4,2020 Used HiSUN Tactic 550 Red,ea,0
41.00,20176,Liqui Moly SAE 10W-40 Synthetic 4L,ea,13
46.00,20214,Liqui Moly SAE 5W-50 Synthetic 4L,ea,33
230.00,203-3559,HD10 - Chrome (137) 4+3 20",ea,8
307.00,2032710003,Tusk Megabite 30x10-14,ea,8
8.00,2040621,Thibault Arctic Cat Oil Filter,ea,9
175.00,2040890002,Tusk Tintic Rim - Matte Black (115) 14",ea,4
180.00,2040890006,Tusk Tintic Rim - Milled Black (115) 14",ea,4
35.00,20830,Kimpex Airbox Filter for CAN-AM Outlander/Renegade,ea,2
210.00,209-1825,STI R4 28x9-14,ea,0
222.00,209-1827,STI R4 30x9-14,ea,3
170.00,20C4022,Drive Belt,ea,1
355.00,20S3-1137,ST-3 - Matte Black (137) 20",ea,4
10000.00,21-H-HS4-G,2021 Hisun HS400 Green UTV,ea,0
10000.00,21-H-HS4-R,2021 Hisun HS400 RED UTV,ea,0
11000.00,21-H-HS5-B,2021 HiSUN HS500 Blue UTV,ea,0
11300.00,21-H-HS5-C,2021 Hisun HS500 Camo UTV,ea,0
11000.00,21-H-HS5-G,2021 Hisun HS500 Dark Green UTV,ea,1
11000.00,21-H-HS5-R,2021 Hisun HS500 RED UTV,ea,1
6999.00,21-H-SEC-250-G,2021 HiSun Sector 250 Green UTV,ea,0
13300.00,21-H-SEC-550-G,2021 HiSUN Sector 550 Green UTV,ea,0
14500.00,21-H-SEC-750-B,2021 HiSUN Sector 750 Blue UTV,ea,0
6999.00,21-H-STR-250-B,2021 Hisun Strike 250 Blue UTV,ea,1
6999.00,21-H-STR-250-O,2021 Hisun Strike 250 Orange UTV 2021,ea,1
8999.00,21-H-TAC-550-B,2021 Hisun Tactic 550 EPS BLUE ATV,ea,2
2950.00,21-PEN-150-BW,2021 Pentora 150cc Black White,ea,2
8500.00,21-S-SNA-570-SE-B,2021 Segway Snarler 570 Single BASE BB,ea,0
14500.00,21-USED-O-DOM-800X2-LT-GREY,2021 ODES Dominator X2 800 LT Grey UTV,ea,1
0.00,21-USED-S-SNA-570-SE-BB-1,2021 Used Segway 570 Single Base BB (Black/Green),ea,1
0.00,21-USED-S-SNA-570-SE-IG,2021 Used Segway 570 Single Base IG (Grey Blue),ea,1
39.99,21040100101,Odes Cylinder Head Gasket,ea,2
18.99,21040100601,ODES Intake Valve 31MM,ea,8
18.99,21040100701,ODES Exhaust Valve 27mm,ea,8
4.99,21040100901,ODES Valve Stem Seal,ea,10
104.99,21040101401,Odes Camshaft,ea,2
104.99,21040101501,ODES Camshaft,ea,2
59.99,21040101801,Odes Chain Tension Guide,ea,4
8.99,21040101901,Odes Chain Guide,ea,8
6.99,21040102001,ODES Chain Guide,ea,5
49.99,21040102101,Odes Silent Chain 6.35Px112,ea,4
19.99,21040102201,ODES Camshaft Sprocket,ea,4
16.99,21040102401,Odes Chain Tensioner Housing,ea,4
6.99,21040102501,Odes O-Ring 21x2.5,ea,4
3.99,21040102601,ODES Chain Tensioner Plunger,ea,4
6.99,21040102701,Odes O-Ring 17x2,ea,6
5.99,21040102801,ODES Plug Screw,ea,4
6.99,21040102901,Odes Spring,ea,4
49.99,21040103001,ODES Water Temperature Sensor,ea,2
49.99,21040103801,Odes Valve Cover Gasket,ea,5
29.99,21040104001,ODES Thermostat,ea,1
6.99,21040104201,ODES Thermostat Gasket,ea,4
6.99,21040104601,Odes O-Ring 27.8x2.6,ea,1
295.99,21040105202,Odes Right Crankcase,ea,1
295.99,21040105302,Odes Left Crankcase,ea,0
6.99,21040105801,ODES Plug Screw,ea,1
14.99,21040106001,ODES Plain Bearing,ea,2
14.99,21040106101,ODES Plain Bearing,ea,2
3.99,21040106201,Odes Oil Seal 10x25x5,ea,0
19.99,21040106401,Odes Gasket,ea,1
14.99,21040106901,Odes Gasket,ea,1
18.99,21040107101,ODES Bearing Sleeve,ea,2
14.99,21040107301,Odes Oil Seal 34x52x8,ea,1
315.00,21040107502,Odes Crankshaft,ea,0
7.99,21040107701,Odes Woodruff Key 4x5,ea,0
119.99,21040107801,Odes Connecting Rod,ea,2
6.99,21040107821,Odes Connecting Rod Screw 8x1,ea,12
44.99,21040107831,ODES Plain Bearing,ea,8
99.99,21040108201,Odes Piston,ea,2
6.99,21040108301,ODES First Piston Ring,ea,6
6.99,21040108401,ODES Second Piston Ring,ea,6
6.99,21040108501,ODES Scrapper Ring,ea,10
8.99,21040108601,ODES Oil Ring,ea,6
9.99,21040108701,ODES Piston Pin,ea,4
6.99,21040108801,Odes Piston Circlip,ea,10
159.99,21040109001,Odes Cylinder Assembly,ea,4
6.99,21040109118,Odes O-Ring 23.8x3.1,ea,1
349.99,21040109703,Odes Magneto Stator,ea,1
49.99,21040110901,Odes Crankshaft Position Sensor Assembly,ea,1
34.99,21040111301,Odes Gasket,ea,0
6.99,21040111401,Odes Oil Sieve,ea,3
14.99,21040111601,Odes Oil Filter,ea,47
3.00,21040111701,Odes O-Ring 60x2.5,ea,15
34.99,21040111901,ODES Oil Pressure Switch,ea,4
5.99,21040113001,ODES Thrust Washer,ea,2
34.99,21040113901,ODES Rotary Seal,ea,0
19.99,21040114001,ODES Water Pump Shaft,ea,1
9.99,21040114101,ODES Water Impeller,ea,2
9.99,21040114301,Odes Gasket,ea,1
6.99,21040114501,ODES Gasket,ea,2
45.00,21040114601,ODES Pressure & Temp Sensor,ea,2
115.00,21040114801,ODES Throttle Body,ea,1
35.00,21040114901,ODES Fuel Injector,ea,4
6.99,21040115701,Odes Oil Seal 30x47x7,ea,1
6.99,21040115901,ODES Gasket,ea,3
14.99,21040116101,Odes Oil Seal 25x47x7,ea,1
6.99,21040116201,Odes Gasket,ea,4
3.99,21040116901,Odes O-Ring 61.5x2.65,ea,20
99.99,21040200101,Odes Speed Sensor,ea,1
14.99,21040200801,ODES Gearbox Position Indicator Switch,ea,1
6.99,21040201501,Odes O-Ring 24x2,ea,4
14.99,21040201801,Odes Oil Seal 32x47x7,ea,5
4.50,21040206301,Odes Anti-Vibration Mount,ea,8
109.99,21040300101,Odes CVT Air Guide,ea,2
6.99,21040300201,Odes O-Ring 57x3,ea,4
5.99,21040300301,Odes O-Ring 50x4,ea,4
99.99,21040302001,Odes Clutch Cover,ea,2
39.99,21040302101,Odes Variator Cover Gasket,ea,2
39.99,21040302102,Odes Clutch Cover Gasket,ea,1
1100.00,21040303201,Odes Primary Drive Clutch,ea,1
1300.00,21040303301,Odes Secondary Clutch,ea,1
1100.00,21040303303,Odes Secondary Clutch,ea,0
219.99,21040303801,Odes V-Belt,ea,2
9.99,21040400101,Odes Exhaust Gasket,ea,10
69.99,21040400201,Odes Ignition Coil,ea,6
24.99,21040400301,Spark Plug Cable (Front),ea,0
10.00,21040400302,ODES Spark Plug Cable (Rear),ea,2
24.99,21040400401,Spark Plug Cable (Rear),ea,0
10.00,21040400402,ODES Spark Plug Cable (Front),ea,2
329.99,21040400601,Odes Voltage Regulator,ea,1
59.99,21040401001,Odes Air Filter With Housing,ea,2
2.99,21040401011,Clip,ea,0
34.99,21040401302,Odes Air Filter Inlet Pipe,ea,2
6.99,21040401401,Odes Filter Connected Sets,ea,2
19.99,21040402202,ODES Temperature Sensor,ea,4
9.99,21040408901,Odes Gasket,ea,7
75.00,21050800101,Odes CVT Air Guide,ea,1
355.00,21050821000,ODES Secondary CV-Tech Clutch,ea,0
249.99,21050831000,Odes V-Belt 1000cc,ea,0
89.99,21050904201,Odes Speed Sensor,ea,2
315.00,21051100201,Odes Voltage Regulator,ea,1
290.00,2112,Wild Boar Outlander G1 (06-11) Radiator Relocation Kit,ea,2
25.00,21170101731,ODES Air Filter,ea,2
40.00,212200040000,HiSun Clutch One Way Bearing,ea,1
0.00,212410040000,HiSun Bearing Housing Gasket,ea,1
200.00,215047,Heated Grip Kit Dual Zone,ea,14
230.00,215048,Heated Grip Kit Quad Zone,ea,5
81.99,217826,Spike Lug Nut Set Of 16 M10x1.25 Chrome,ea,0
89.99,217827,Spike Lug Nut Set Of 16 M10x1.25 Black,ea,0
530.00,22-064,DYNOJET Power Commander V Tuner for Grizzly 700 14-18,ea,2
0,22-S-FUG-1000-UT10E-BB,2022 Segway Fugleman 1000 UT10E Base- BB (Black/Green),ea,1
21000.00,22-S-FUG-1000-UT10E-EW,2022 Segway Fugleman 1000 UT10E Base- FG (Electric White),ea,0
21000.00,22-S-FUG-1000-UT10E-FG,2022 Segway Fugleman 1000 UT10E Base- FG (Black/Grey),ea,2
23000.00,22-S-FUG-1000-UT10X-BB,2022 Segway Fugleman 1000 UT10X - BB (Black/Green),ea,2
23000.00,22-S-FUG-1000-UT10X-EW,2022 Segway Fugleman 1000 UT10X - EW (White/Red),ea,0
23000.00,22-S-FUG-1000-UT10X-FG,2022 Segway Fugleman 1000 UT10X - FG (Black/Grey),ea,1
12400.00,22-S-SNA-570-LX-B,2022 Segway Snarler 570 2UP BB,ea,5
12400.00,22-S-SNA-570-LX-G,2022 Segway Snarler 570 2UP IG,ea,2
12400.00,22-S-SNA-570-LX-W,2022 Segway Snarler 570 2UP EW,ea,0
11600.00,22-S-SNA-570-SX-BB,2022 Segway Snarler 570 Single SX - BB (Black/Green),ea,2
11600.00,22-S-SNA-570-SX-IG,2022 Segway Snarler 570 Single SX - IG (Grey/Blue),ea,2
27000.00,22-S-VIL-SX10X-64-BB,2022 Segway Villain SX10X 64" (Black/Green),ea,1
27000.00,22-S-VIL-SX10X-64-EW,2022 Segway Villain SX10X 64" (White/Red),ea,1
99.99,22040110201,Odes Stator Cover,ea,1
290.00,2231,Yamaha Grizzly/Kodiak 700 2014+ Radiator Relocation Kit Bear,ea,0
365.00,2235,Wild Boar Yamaha Grizzly/Kodiak 700 2014+ Radiator Relocation Kit,ea,1
30.00,228530,Yoshimura Muffler Packing,ea,1
350.00,2286,Wild Boar POL Sportsman 450-570 Radiator Relocation Kit,ea,1
275.00,2288,Wild Boar Polaris Sportsman 450-570 Radiator Relocation Kit,ea,1
365.00,22FABGDSK,22Fab Goin Deep Snorkel Kit *520,ea,1
365.00,22FABGDSK2,22Fab Goin Deep Snorkel Kit *500,ea,1
75.00,2305,EHS KN Airbox Filter for Grizzly Kodiak 700 2016+,ea,2
74.00,2306,EHS UNI Airbox Filter for Grizzly Kodiak 700 2016+,ea,1
560.00,2340,Neutrino2 LED Head Light Kit - Renegade G2,ea,3
95.00,234001,RJWC Neutrino2 Halo - Yellow,ea,3
95.00,234002,RJWC Neutrino2 Halo - Red,ea,5
95.00,234003,RJWC Neutrino2 Halo - Green,ea,3
95.00,234004,RJWC Neutrino2 Halo - Blue,ea,4
95.00,234005,RJWC Neutrino2 Halo - Pink/Purple,ea,3
560.00,2341,Neutrino2 LED Head Light Kit - Outlander G2,ea,3
570.00,235000,RJWC POLARIS Neutrino2 LED Headlights,ea,1
680.00,235000-Blue,RJWC POLARIS Neutrino2 LED Headlight Kits - Blue Halo's,ea,1
680.00,235000-Green,RJWC POLARIS Neutrino2 LED Headlight Kits - Green Halo's,ea,1
680.00,235000-Red,RJWC POLARIS Neutrino2 LED Headlight Kits - Red Halo's,ea,0
680.00,235000-Yellow,RJWC POLARIS Neutrino2 LED Headlight Kits - Yellow Halo's,ea,1
170.00,23C3836,Drive Belt,ea,1
170.00,23C3856,Drive Belt,ea,1
180.00,23R3856,Drive Belt,ea,1
15.00,24-1127,Fly Racing Grips Pilot II Red/Black,ea,1
15.00,24-1128,Fly Racing Grips Pilot II Yellow/Black,ea,1
15.00,24-1141,Fly Racing Grips Pilot II MX Grey/Black,ea,4
15.00,24-1142,Fly Racing Grips Pilot II MX Blue/Black,ea,1
15.00,24-1143,Fly Racing Grips Pilot II MX Red/Black,ea,1
15.00,24-1144,Fly Racing Grips Pilot II MX Yellow/Black,ea,1
15.00,24-1145,Fly Racing Grips Pilot II MX Green/Black,ea,3
15.00,24-1161,Fly Racing Grips Pilot II Grey/Black,ea,2
15.00,24-1162,Fly Racing Grips Pilot II Blue/Black,ea,2
15.00,24-1163,Fly Racing Grips Pilot II Red/Black,ea,2
15.00,24-1164,Fly Racing Grips Pilot II Yellow/Black,ea,1
16.50,24-3048,Fly Racing Grips Waffle Black,ea,8
365.00,2455,Wild Boar CanAm Outlander G2 12-20 Rad Relocation Kit,ea,1
315.00,2456,Wild Boar Outlander (L) Radiator Relocation Kit,ea,0
550.00,2462,Wild Boar Outlander Max GEN 2 Floorboards/Footwells,ea,0
525.00,2478PF,Moose UTV Push Frame RM4,ea,1
449.99,25-009,DYNOJET Power Commander V Tuner for CAN-AM Rene/Out 800/1000,ea,1
648.00,25-027,Power Commander V for CanAm Outlander 570 11-19,ea,1
474.99,25-030,DYNOJET Power Commander V Tuner for CAN-AM Rene/Out 850/1000 (FUEL & IGNITION),ea,1
10.00,25-1143,Moose Racing Wheel Bearing Kit,ea,1
32.50,25-1424,All Balls Wheel Bearing Kit,ea,2
35.00,25-1496,All Balls Wheel Bearing Kit,ea,4
19.99,25-1510,All Balls Wheel Bearing Kit Front Honda BRP,ea,2
32.00,25-1516,All Balls Wheel Bearing Kit FR/RR BRP,ea,5
32.00,25-1628,All Balls Wheel Bearing Kit,ea,0
35.00,25-1716,All Balls One Way Clutch Bearing Kit,ea,2
39.00,25-1751,All Balls Wheel Bearing Kit,ea,2
45.00,25-1788,All Balls Wheel Bearing Kit,ea,2
90.00,25-2033,All Balls Diff Bearing and Seal Kit,ea,1
105.00,25-2069,Kimpex Diff Repair Kit for Can-Am,ea,0
21.00,25-2069-5,All Balls Diff Bearing & Seal Kit for Can-Am,ea,2
94.00,25-2080,All Balls Diff Bearing and Seal Kit Rear for POL,ea,1
58.00,25-2080-5,All Balls Diff Seal Kit,ea,1
108.00,25-2086,All Balls Diff Bearing Seal Kit,ea,0
110.00,25-2105,All Balls Differential Bearing and Seal Kit,ea,1
100.00,25-2106,All Balls Differential Seal Kit,ea,1
15.50,25-2106-5,All Balls Differential Seal Kit,ea,3
190.00,25-DCB3A,Dynojet Dura Series CVT Belt for CanAm Outlander 08-22,ea,4
205.00,25-DCB3X,Dynojet Power Series CVT Belt for CanAm Outlander 08-22,ea,7
500.00,2506PF,Moose ATV Push Frame,ea,2
310.00,2552BLKPF,Moose 50" Blade,ea,1
300.00,2560M,Moose Utility 60" Plow Blade,ea,1
495.00,2572PF,Moose 72" Blade,ea,1
39.99,2601-1927,Thor Conquer Goggles Red/White,ea,1
39.99,2601-1928,Thor Conquer Goggles Blue/White,ea,1
39.99,2601-1936,Thor Conquer Goggles Lime Green,ea,0
39.99,2601-2090,Thor Conquer Goggles Orange,ea,1
2.95,28-07499,Bronco Clamp Kit - D Style,ea,11
15.00,28-07525,Bronco Boot Kit,ea,2
160.00,28-65128,Bronco Complete Axle,ea,0
85.00,2801058,Handlebar With Bar Pad for Honda - Black,ea,0
30.00,283000,Rearview Mirror,ea,1
19.99,284421,Brake Pad - HiSun Front Right,ea,9
19.99,284427,Brake Pad - HiSun Front Left,ea,9
13.00,285899,Crankcase Cover Gasket,ea,1
10.00,287842,Ignition Cover Gasket CanAm,ea,1
315.00,289111,Blackboar ATV Storage Box Front Black,ea,1
2.99,293450307,BRP Insert for Skid Plate,ea,2
7.00,293650138,BRP Oetiker Clamp,ea,4
10.50,293650199,BRP Oetiker Clamp,ea,4
305.00,29937,BFGoodrich Mud-Terrain KM3 32x10-14,ea,0
125.00,29C3596,Drive Belt,ea,1
13.00,2MB-E5379-00,Yamaha Crankcase Seal,ea,1
247.99,3.5P-S,DK2 3,500LB Runva Winch with Synthetic Rope,ea,0
995.00,3001018-35/45-PS13,STM Gen 2 Tuner Secondary Can-Am (fits OG Maverick, Commanders, Gen1 and Gen2 Outlanders/Renegades),ea,1
995.00,3001018-40-PS13,STM Gen 2 Tuner Secondary Can-Am (fits OG Maverick, Commanders, Gen1 and Gen2 Outlanders/Renegades),ea,3
1645.00,3001035,STM Rage 3P (Low End Torque and Engagement) Primary Clutch for CAN-AM,ea,0
1645.00,3001062,STM Rage 3RS (Full Throttle High Torque, Racing Throttle Response) Primary Clutch for CAN-AM,ea,1
250.00,300262131222,Retro Series Waders W Large 10 Purple,ea,1
250.00,300262131246,Retro Series Waders W 2XL 8 Purple,ea,0
9.00,3011,Napa Gold Fuel Filter,ea,7
190.00,305073210,Koso Heated Grips w Integrated Thumb Controls,ea,1
116.00,30510712G,Koso Heated Grips with Thumb Warmer, 5 Levels,ea,13
245.00,30914,BKT AT171 30x9-14,ea,0
125.00,30C3750,Drive Belt,ea,12
90.00,30G3750,Drive Belt,ea,10
190.00,30R3750,Drive Belt Redline,ea,5
155.00,31100-31G00,Starter Suzuki,ea,1
319.99,312000040000,HiSun Starter,ea,1
260.00,31916,BKT AT171 31x9-16,ea,0
300.00,3206,EHS UNI COMPLETE Box Airbox Filter Intake Kit for 2016+ Grizzly Kodiak 700 (With box),ea,0
345.00,3206-1,EHS KN COMPLETE Box Airbox Filter Intake Kit for 2016+ Grizzly Kodiak 700 (With box),ea,0
200.00,3206-2305,EHS KN Airbox Filter Intake Kit for 2016+ Grizzly Kodiak 700 (No Box),ea,2
210.00,3206-2306,EHS UNI Airbox Filter Intake Kit for 2016+ Grizzly Kodiak 700 (No Box),ea,9
250.00,3211186,Drive Belt for Polaris,ea,1
170.00,325-1013,LS2 Strobe Medium Matte Black,ea,1
280.00,33-01280,Bronco G2 3500LBS Wireless Winch,ea,2
80.00,33-03042,Bronco Side Mirrors with D Brackets,ea,6
170.00,33-05700,Bronco Gun Boot,ea,9
97.00,33-07500,Bronco Plow All Mount - Universal,ea,19
45.00,33-08630,KFI Replacement Solenoid,ea,0
14.00,33-08638,KFI Split Cable Hook Stopper,ea,11
60.00,331001160000,HiSun Ignition Coil,ea,2
105.00,3316016,ITP 14" Steel Black Rim (110) 2+5,ea,4
19.95,3330-3932,Thor Invert Gloves Medium White,ea,1
19.95,3330-3934,Thor Invert Gloves XL White,ea,2
19.95,3330-3935,Thor Invert Gloves 2XL White,ea,2
19.95,3330-3950,Thor Invert Gloves Medium Red,ea,0
19.95,3330-3953,Thor Invert Gloves 2XL Red,ea,1
30.00,3330-6820,Thor Spectrum Gloves Medium Black,ea,0
30.00,3330-6821,Thor Spectrum Gloves Large Black,ea,2
30.00,3330-6822,Thor Spectrum Gloves XL Black,ea,1
22.00,33321492,AlpineStars MX Radar Youth Gloves XS Red,ea,1
22.00,33321495,AlpineStars MX Radar Youth Gloves Large Red,ea,1
22.00,33321497,AlpineStars MX Radar Youth Gloves XS Yellow,ea,1
22.00,33321499,AlpineStars MX Radar Youth Gloves Medium Yellow,ea,1
22.00,33321508,AlpineStars MX Radar Youth Gloves Small Blue,ea,1
22.00,33321510,AlpineStars MX Radar Youth Gloves Large Blue,ea,1
280.00,333818,BKT TR171 33x8-18,ea,0
320.00,3339516,BKT TR171 33x9.5-16,ea,0
110.00,338-30773,EVS T5 Medium Vector Red/Black,ea,1
110.00,338-30774,EVS T5 Large Vector Red/Black,ea,0
110.00,338-30785,EVS T5 XL Vector Orange/Blue,ea,1
110.00,338-30813,EVS T5 Medium Pinner Red/White,ea,1
110.00,338-30814,EVS T5 Large Pinner Red/White,ea,1
110.00,338-30841,EVS T5 XS Ecto Hi-Viz Yellow/Blue,ea,1
110.00,338-30893,EVS T5 Medium Works Orange/White/Black,ea,1
110.00,338-30894,EVS T5 Large Works Orange/White/Black,ea,1
150.00,338-31304,EVS T5 Large Gloss White,ea,1
150.00,338-31305,EVS T5 XL Gloss White,ea,1
145.00,338-31324,EVS T5 Large Torino White,ea,2
278.00,33818,BKT AT171 33x8-18,ea,4
115.00,340-1530,Bronco Heated Grips and Thumb Warmer,ea,2
102.00,340-1560,Bronco Heated Grip Kit,ea,0
55.00,340-1610,SPX Grab Handle 15",ea,13
50.00,34104,PowerMadd Hand Guards White,ea,2
50.00,34201,PowerMadd Hand Guards Yellow,ea,1
50.00,34203,PowerMadd Hand Guards Green/Black,ea,0
50.00,34204,PowerMadd Hand Guards Blue/Black,ea,0
50.00,34205,PowerMadd Hand Guards Orange,ea,1
50.00,34206,PowerMadd Hand Guards Suzuki Yellow,ea,1
50.00,34210,PowerMadd Hand Guards Black,ea,0
50.00,34221,PowerMadd Hand Guards Blue/White,ea,1
50.00,34232,PowerMadd Hand Guards Red/Grey,ea,1
60.00,34252,PowerMadd ATV Handguard Mount,ea,3
75.00,34269,PowerMadd Tri-Mount For Handguards,ea,3
300.00,3505-0048,Moose Utility Aluminum Rear Box Black,ea,0
135.00,3505-0133,Moose Tracker Front Storage Box,ea,0
280.00,3528320,BKT TR171 35.2x8.3-20,ea,0
365.00,3549518,BKT TR171 35x9.5-18,ea,0
270.00,358482,Kimpex Outback Seat/Trunk,ea,6
280.00,358484,Kimpex Outback 2.0 Seat/Trunk,ea,6
21.00,360-9000,Foam Beverage Holder,ea,7
310.00,3728322,BKT TR171 37x8.3-22,ea,0
241.00,373960,Click N Go 50" Blade,ea,1
350.00,3749520,BKT TR171 37.4x9.5-20,ea,0
779.99,375311,Track Adapter Kit WS4/XTR KAW,ea,1
338.00,376-203,Aqua-Hot UTV Installation Kit ONLY,ea,0
15.00,390-1922,ROK Strap 5/8 x 42" Blue/Green,ea,2
15.00,390-1923,ROK Strap 5/8 x 42" Lime Green,ea,3
15.00,390-1926,ROK Strap 5/8 x 42" Pink,ea,1
15.00,390-1930,ROK Strap 5/8 x 42" Black,ea,2
40.00,391601160000,HiSun O2 Sensor,ea,1
4800.00,393001,WSS4 Commander Tracks,ea,0
115.00,393MO157110BW4,Moose Utility RIM - Machined W/Blk (110) 15",ea,1
395.00,3969522,BKT TR171 39x9.5-22,ea,1
3300.00,397001,WS4 Commander Tracks,ea,0
